,state_mw,incar_rate_scaled,viol_crime_scaled,clusters,cluster
0,0.0,0.5536247044801712,0.438182707875967,1,purple
1,5.65,0.7212411146610975,0.5894607398658991,2,dark purple
2,0.0,0.5221439059823751,0.5403275601565838,1,purple
3,5.15,0.4263557493686676,0.452369824051857,2,dark purple
4,6.25,0.454161548987031,0.6152142770588398,2,dark purple
5,5.15,0.3899355186149478,0.3496284829452634,2,dark purple
6,6.4,0.5097242537885904,0.3345948178321123,0,pink
7,6.15,0.8587758988142014,0.6110979244112968,2,dark purple
8,0.0,0.4422069527208805,0.7983287796378136,1,purple
9,3.25,0.546499714255333,0.4957482684403658,2,dark purple
10,5.25,0.41694375686347485,0.25402926839888096,2,dark purple
11,5.15,0.3990655764937401,0.24314981419593096,2,dark purple
12,5.15,0.3542108228430152,0.6331354845315218,2,dark purple
13,5.15,0.320659764111042,0.3710617544129491,2,dark purple
14,5.15,0.27155831921845675,0.2682499587535858,2,dark purple
15,2.65,0.31730581540614367,0.40371930226683617,1,purple
16,5.15,0.2634673146530986,0.2583061112090945,2,dark purple
17,0.0,0.4397848155349493,0.6862522102892399,1,purple
18,5.15,0.1304039848037064,0.11171923251822591,2,dark purple
19,5.15,0.4407473374158144,0.781421922147274,2,dark purple
20,6.75,0.15939289005473256,0.4778037313371897,0,pink
21,5.15,0.4881841130554676,0.5538929253816605,2,dark purple
22,4.9,0.12851750943809748,0.26371567510068417,2,dark purple
23,0.0,0.5291053559631109,0.3498928155750036,1,purple
24,5.15,0.5068907979875803,0.5405415780842304,2,dark purple
25,4.0,0.30870947521179914,0.35200610291212797,2,dark purple
26,5.15,0.22761111613363028,0.30313266906887293,2,dark purple
27,5.15,0.47012902796268463,0.5891629029065371,2,dark purple
28,5.15,0.19208184676244855,0.1702453359030187,2,dark purple
29,5.15,0.30609380919486284,0.3888326697051525,2,dark purple
30,4.25,0.30956859700381756,0.7803663145750761,2,dark purple
31,5.15,0.35397589672356844,0.5136250518262386,2,dark purple
32,5.15,0.3924273420125246,0.49310848116874695,2,dark purple
33,5.15,0.1709213713183999,0.07933391025289893,2,dark purple
34,2.8,0.39393194019794464,0.351393804885447,1,purple
35,2.0,0.6259840913116932,0.5108979996293783,1,purple
36,6.5,0.31524933874607086,0.30661236960440874,0,pink
37,5.15,0.30594717245548964,0.40991283021867275,2,dark purple
38,6.15,0.3174606245011091,0.30934480018913746,2,dark purple
39,0.0,0.5346708931028843,0.8151890709996223,1,purple
40,5.15,0.36910343915224075,0.1544194878078997,2,dark purple
41,0.0,0.3037883201614022,0.744008319452405,1,purple
42,3.35,0.6947738118469715,0.5715927574783564,2,dark purple
43,5.15,0.18190100090578198,0.2332019153982401,2,dark purple
44,6.25,0.22839319426566362,0.10506086982786655,2,dark purple
45,5.15,0.4373085219413042,0.29095078352838755,2,dark purple
46,6.72,0.2540465444326401,0.3546907566487789,0,pink
47,5.15,0.18895320827141404,0.27957079000771046,2,dark purple
48,5.15,0.38413251750171185,0.23096785880625248,2,dark purple
49,1.6,0.3011621069163084,0.25761816650629044,1,purple
50,0.0,0.5604059435427189,0.44499803334474564,1,purple
51,5.65,0.6782731041312218,0.5654094740748405,2,dark purple
52,0.0,0.5395759362727404,0.5544993095099926,1,purple
53,5.15,0.4378354176878929,0.4249763675034046,2,dark purple
54,6.75,0.45624556951224804,0.595360528677702,0,pink
55,5.15,0.41403663344681263,0.35285092890262604,2,dark purple
56,6.7,0.5411458667367697,0.3124686423689127,0,pink
57,6.15,0.8235053159296513,0.6000409368425608,2,dark purple
58,0.0,0.45058317482471466,0.771167641505599,1,purple
59,5.15,0.5553016439080238,0.45963223092257977,2,dark purple
60,5.75,0.40857186540961266,0.2629239344969392,2,dark purple
61,5.15,0.4058448597788811,0.2545557916164398,2,dark purple
62,5.15,0.33919818233698606,0.6019093561917543,2,dark purple
63,5.15,0.330506544560194,0.35733815748244524,2,dark purple
64,5.15,0.28605100233107805,0.2857103943824768,2,dark purple
65,2.65,0.3306697588413954,0.3772076452150941,1,purple
66,5.15,0.2832152647897601,0.27142991311848164,2,dark purple
67,0.0,0.44703176245093346,0.6632870063185692,1,purple
68,5.75,0.1432549674063921,0.10780805023387074,2,dark purple
69,5.15,0.4424160812050104,0.770843168720603,2,dark purple
70,6.75,0.15383537393063307,0.4848640412092209,0,pink
71,5.15,0.5037328228354454,0.5407229531556368,2,dark purple
72,4.9,0.13642358826473355,0.26723500341176987,2,dark purple
73,0.0,0.5356271285563707,0.34387577325105667,1,purple
74,5.15,0.525527261197567,0.5389675032347441,2,dark purple
75,4.0,0.31525574158877134,0.3511751303449273,2,dark purple
76,5.15,0.23431838490068913,0.31419964507222176,2,dark purple
77,5.15,0.4660304170101881,0.6392750889062881,2,dark purple
78,5.15,0.19420827738940716,0.16133019234985113,2,dark purple
79,5.15,0.3067081794142723,0.37610556464642286,2,dark purple
80,4.25,0.32348043750971556,0.7407491561025381,2,dark purple
81,5.15,0.34976471215486526,0.49664760008454323,2,dark purple
82,5.15,0.3963245078921318,0.470970943570137,2,dark purple
83,5.15,0.17620769795030355,0.07824442000128329,2,dark purple
84,2.8,0.3969252109527588,0.35173159558326006,1,purple
85,2.0,0.6303120404481888,0.503968819975853,1,purple
86,6.5,0.33093253150582314,0.29252732638269663,0,pink
87,5.15,0.3222042229026556,0.4021306987851858,2,dark purple
88,6.15,0.32508803997188807,0.28558699414134026,2,dark purple
89,0.0,0.5579260177910328,0.822682585567236,1,purple
90,5.15,0.3870143089443445,0.17752950079739094,2,dark purple
91,0.0,0.31602149829268456,0.7178491447120905,1,purple
92,5.15,0.7013227790594101,0.5797416437417269,2,dark purple
93,5.15,0.1847947365604341,0.23667525965720415,2,dark purple
94,6.25,0.22079532500356436,0.106747483368963,2,dark purple
95,5.15,0.4245022777467966,0.2916643628850579,2,dark purple
96,6.9,0.26805405505001545,0.3455380443483591,0,pink
97,5.15,0.1980736618861556,0.2338654361665249,2,dark purple
98,5.15,0.3982946276664734,0.22497596219182014,2,dark purple
99,5.15,0.3289697924628854,0.27343984693288803,2,dark purple
100,0.0,0.613136775791645,0.42922236025333405,1,purple
101,7.15,0.6898253690451384,0.598044041544199,0,pink
102,0.0,0.5571386311203241,0.5132973659783602,1,purple
103,5.15,0.44241202995181084,0.456379447132349,2,dark purple
104,6.75,0.4562115762382746,0.579625740647316,0,pink
105,5.15,0.4276950377970934,0.34648794680833817,2,dark purple
106,6.9,0.516868568956852,0.31675156205892563,0,pink
107,6.15,0.8103489875793457,0.6752908229827881,2,dark purple
108,0.0,0.468222564086318,0.7310940884053707,1,purple
109,5.15,0.5440928507596254,0.45450562611222267,2,dark purple
110,6.25,0.4403586033731699,0.2722711768001318,2,dark purple
111,5.15,0.4065736662596464,0.2459338866174221,2,dark purple
112,5.15,0.34325006417930126,0.5563721526414156,2,dark purple
113,5.15,0.34429801162332296,0.3523146966472268,2,dark purple
114,5.15,0.29048502910882235,0.27787445578724146,2,dark purple
115,2.65,0.3364667994901538,0.39749909192323685,1,purple
116,5.15,0.28313416987657547,0.24845872540026903,2,dark purple
117,0.0,0.43389974161982536,0.6369411014020443,1,purple
118,6.25,0.15077852876856923,0.10861553018912673,2,dark purple
119,5.15,0.4311803728342056,0.7034800481051207,2,dark purple
120,6.75,0.15307560097426176,0.4731356631964445,0,pink
121,5.15,0.4895478952676058,0.5112888291478157,2,dark purple
122,4.9,0.1494617434218526,0.2629452617838979,2,dark purple
123,0.0,0.5503029562532902,0.3238749457523227,1,purple
124,5.15,0.5221705883741379,0.49075009301304817,2,dark purple
125,4.0,0.3325139405205846,0.3649702528491616,2,dark purple
126,5.15,0.2344206441193819,0.2938171848654747,2,dark purple
127,5.15,0.4720349330455065,0.6160448305308819,2,dark purple
128,5.15,0.1883285935036838,0.1503059291280806,2,dark purple
129,5.15,0.2975789597257972,0.3643427276983857,2,dark purple
130,4.25,0.33126401249319315,0.667265709489584,2,dark purple
131,5.15,0.34034226555377245,0.465771509334445,2,dark purple
132,5.15,0.4022472072392702,0.45412820763885975,2,dark purple
133,5.15,0.173665932379663,0.08020208333618939,2,dark purple
134,2.8,0.3877534531056881,0.3338526701554656,1,purple
135,2.0,0.647032679989934,0.5064353812485933,1,purple
136,6.9,0.34247671719640493,0.2947538625448942,0,pink
137,5.15,0.33044854644685984,0.39779283106327057,2,dark purple
138,6.15,0.33231605775654316,0.28566543478518724,2,dark purple
139,0.0,0.5529866553843021,0.8063886314630508,1,purple
140,5.15,0.3946895245462656,0.17374706221744418,2,dark purple
141,0.0,0.3274648217484355,0.6913184188306332,1,purple
142,5.15,0.6924553774297237,0.5530648864805698,2,dark purple
143,5.15,0.1965461764484644,0.2503699855878949,2,dark purple
144,6.25,0.24073896929621696,0.1141532207839191,2,dark purple
145,5.15,0.4197394009679556,0.27819701936095953,2,dark purple
146,7.01,0.2646584762260318,0.3469412215054035,0,pink
147,5.15,0.20922580733895302,0.2554321428760886,2,dark purple
148,5.15,0.40467348881065845,0.22110629361122847,2,dark purple
149,5.15,0.3246294101700187,0.26169512420892715,2,dark purple
150,0.0,0.5664723925292492,0.42701433412730694,1,purple
151,7.15,0.6893143989145756,0.6323023233562708,0,pink
152,0.0,0.5641930736601353,0.5044008605182171,1,purple
153,5.15,0.4573454614728689,0.5023272708058357,2,dark purple
154,6.75,0.45739305205643177,0.5278019700199366,0,pink
155,5.15,0.4271135199815035,0.37204837426543236,2,dark purple
156,7.1,0.514237629249692,0.2890282543376088,0,pink
157,6.15,0.8135468699038029,0.615009106695652,2,dark purple
158,0.0,0.4783603362739086,0.7118259556591511,1,purple
159,5.15,0.5730350036174059,0.45095779933035374,2,dark purple
160,6.25,0.44013108126819134,0.2545708557590842,2,dark purple
161,5.15,0.4127184394747019,0.24743035901337862,2,dark purple
162,5.5,0.34655400086194277,0.5456648301333189,2,dark purple
163,5.15,0.3530694404616952,0.3259275574237108,2,dark purple
164,5.15,0.2886988455429673,0.28781837318092585,2,dark purple
165,2.65,0.3288952633738518,0.3778765443712473,1,purple
166,5.15,0.32164487056434155,0.24510875809937716,2,dark purple
167,0.0,0.4320248495787382,0.640026992186904,1,purple
168,6.25,0.15308159636333585,0.1037274138070643,2,dark purple
169,5.15,0.418766587972641,0.7005695719271898,2,dark purple
170,6.75,0.15333875780925155,0.46023475006222725,0,pink
171,5.15,0.4832739941775799,0.49224053509533405,2,dark purple
172,4.9,0.15663548838347197,0.26981018017977476,2,dark purple
173,0.0,0.5639540962874889,0.2953700488433242,1,purple
174,5.15,0.5327168852090836,0.49007455818355083,2,dark purple
175,4.0,0.29161092825233936,0.2937686163932085,2,dark purple
176,5.15,0.23671055678278208,0.30857627280056477,2,dark purple
177,5.15,0.4729310981929302,0.6163578480482101,2,dark purple
178,5.15,0.18804328283295035,0.16949295531958342,2,dark purple
179,5.15,0.2928556641563773,0.3562741447240114,2,dark purple
180,5.15,0.3364676842465997,0.6873861886560917,2,dark purple
181,5.15,0.3320621559396386,0.4404086619615555,2,dark purple
182,5.15,0.4161832854151726,0.4477974958717823,2,dark purple
183,5.15,0.17758695175871253,0.08769338019192219,2,dark purple
184,2.8,0.3855847055092454,0.3387468634173274,1,purple
185,2.0,0.641995295882225,0.5004901438951492,1,purple
186,7.05,0.35228964406996965,0.2986053004860878,0,pink
187,5.15,0.3268070053309202,0.4114576615393162,2,dark purple
188,6.75,0.2934487536549568,0.24751925375312567,0,pink
189,0.0,0.5395565181970596,0.7899202406406403,1,purple
190,5.15,0.39617400616407394,0.17116066301241517,2,dark purple
191,0.0,0.3280166769400239,0.6976229604333639,1,purple
192,5.15,0.6972461473196745,0.5409240256994963,2,dark purple
193,5.15,0.19498427864164114,0.2332788659259677,2,dark purple
194,6.75,0.31678935047239065,0.11477174703031778,0,pink
195,5.15,0.41532712057232857,0.27545897755771875,2,dark purple
196,7.16,0.26587527245283127,0.3436417318880558,0,pink
197,5.15,0.2201321069151163,0.2819235669448972,2,dark purple
198,5.15,0.40250509046018124,0.20982883870601654,2,dark purple
199,5.15,0.34889213275164366,0.22989322897046804,2,dark purple
200,0.0,0.5345921497792006,0.43264259584248066,1,purple
201,7.15,0.7234042044728994,0.6323378998786211,0,pink
202,0.0,0.5601370707154274,0.5119765643030405,1,purple
203,5.15,0.4487143363803625,0.5285138264298439,2,dark purple
204,6.75,0.46477378346025944,0.5260198842734098,0,pink
205,5.15,0.4516763146966696,0.39667231030762196,2,dark purple
206,7.1,0.5121259950101376,0.27257397305220366,0,pink
207,6.15,0.8064238354563713,0.6334490142762661,2,dark purple
208,0.0,0.48715705052018166,0.7088903803378344,1,purple
209,5.15,0.5337937735021114,0.4459322430193424,2,dark purple
210,6.25,0.4507264122366905,0.25548231787979603,2,dark purple
211,5.15,0.4371865186840296,0.25675701908767223,2,dark purple
212,6.5,0.35188011825084686,0.5522415973246098,0,pink
213,5.15,0.36322902888059616,0.324001582339406,2,dark purple
214,5.15,0.29461910016834736,0.29327026568353176,2,dark purple
215,2.65,0.3307653125375509,0.38938610814511776,1,purple
216,5.15,0.35718667786568403,0.26683551259338856,2,dark purple
217,0.0,0.42976653203368187,0.5965614691376686,1,purple
218,6.35,0.14944394351914525,0.11250019306316972,2,dark purple
219,5.15,0.40348153561353683,0.7043260149657726,2,dark purple
220,6.75,0.16084889648482203,0.460785161703825,0,pink
221,5.15,0.4899892956018448,0.553776090964675,2,dark purple
222,4.9,0.17004961846396327,0.29732349794358015,2,dark purple
223,0.0,0.5531725008040667,0.27956028934568167,1,purple
224,5.15,0.524604320526123,0.5256737116724253,2,dark purple
225,4.0,0.3019031137228012,0.281790504232049,2,dark purple
226,5.15,0.25054558645933867,0.287345377728343,2,dark purple
227,5.15,0.4834388382732868,0.6074698176234961,2,dark purple
228,5.15,0.1854120520874858,0.13475469313561916,2,dark purple
229,5.15,0.2943646861240268,0.35526216961443424,2,dark purple
230,5.15,0.3411760786548257,0.6463186349719763,2,dark purple
231,6.0,0.32632488291710615,0.4443997051566839,2,dark purple
232,5.15,0.4225560463964939,0.468725198879838,2,dark purple
233,5.15,0.2076882403343916,0.11125029996037483,2,dark purple
234,2.8,0.39395205676555634,0.35012729931622744,1,purple
235,2.0,0.6464618258178234,0.5092224106192589,1,purple
236,7.25,0.35414830781519413,0.28701210394501686,0,pink
237,5.15,0.3380880458280444,0.4253085236996412,2,dark purple
238,6.75,0.3180017462000251,0.2524266950786114,0,pink
239,0.0,0.5287580657750368,0.7673772983253002,1,purple
240,5.15,0.4318071063607931,0.17899476224556565,2,dark purple
241,0.0,0.32355315051972866,0.757319200783968,1,purple
242,5.15,0.6850903853774071,0.5281242076307535,2,dark purple
243,5.15,0.20310529507696629,0.22535130847245455,2,dark purple
244,7.0,0.33387586008757353,0.12564529897645116,0,pink
245,5.15,0.40614320896565914,0.28335633687675,2,dark purple
246,7.35,0.26670803781598806,0.34560312051326036,0,pink
247,5.15,0.22248155437409878,0.27385735884308815,2,dark purple
248,5.15,0.396570423617959,0.2418209332972765,2,dark purple
249,5.15,0.4119513090699911,0.23034680634737015,2,dark purple
250,0.0,0.5240887869149446,0.4251548554748297,1,purple
251,7.15,0.7539702113717794,0.6880052853375673,0,pink
252,0.0,0.5797949619591236,0.5425604060292244,1,purple
253,5.15,0.4572958219796419,0.5527821835130453,2,dark purple
254,6.75,0.47259898856282234,0.5334505811333656,0,pink
255,5.15,0.46390178613364697,0.39538205601274967,2,dark purple
256,7.4,0.5393161438405514,0.29973103664815426,0,pink
257,6.15,0.8226359263062477,0.7010156288743019,2,dark purple
258,6.4,0.4995995666831732,0.7164333947002888,0,pink
259,5.15,0.5637797061353922,0.477939797565341,2,dark purple
260,6.75,0.42862766422331333,0.28066944796591997,0,pink
261,5.15,0.4544943105429411,0.24998891167342663,2,dark purple
262,6.5,0.3515126649290323,0.5416003987193108,0,pink
263,5.15,0.39440756663680077,0.3215797245502472,2,dark purple
264,5.15,0.2963698236271739,0.28573968447744846,2,dark purple
265,2.65,0.3195644123479724,0.43269447050988674,1,purple
266,5.15,0.37063066847622395,0.27010936755687,2,dark purple
267,0.0,0.4854507278650999,0.721191056072712,1,purple
268,6.5,0.15761508839204907,0.11599804274737835,0,pink
269,5.15,0.40354523807764053,0.6786476820707321,2,dark purple
270,6.75,0.1673555583693087,0.5004821345210075,0,pink
271,5.15,0.5102696362882853,0.5644117947667837,2,dark purple
272,5.25,0.17057920340448618,0.3104642266407609,2,dark purple
273,0.0,0.5629195831716061,0.3118321765214205,1,purple
274,5.15,0.5154454614967108,0.545927882194519,2,dark purple
275,4.0,0.31207920983433723,0.3772897878661752,2,dark purple
276,5.15,0.24876564275473356,0.29389294795691967,2,dark purple
277,5.15,0.5110740195959806,0.7488192059099674,2,dark purple
278,5.15,0.20351435523480177,0.13575227931141853,2,dark purple
279,6.15,0.2928972942754626,0.35016092006117105,2,dark purple
280,5.15,0.3396604675799608,0.6547123193740845,2,dark purple
281,6.75,0.32910697627812624,0.4351766314357519,0,pink
282,5.15,0.4259580746293068,0.47522131353616714,2,dark purple
283,5.15,0.21026409231126308,0.19736832473427057,2,dark purple
284,2.8,0.4223904572427273,0.36148265935480595,1,purple
285,2.0,0.639051292091608,0.500249769538641,1,purple
286,7.5,0.3564405022189021,0.28464437928050756,0,pink
287,5.15,0.35344697535037994,0.44232518412172794,2,dark purple
288,6.75,0.3477861871942878,0.23042121902108192,0,pink
289,0.0,0.5306336097419262,0.7711196318268776,1,purple
290,5.15,0.42408485896885395,0.2648612018674612,2,dark purple
291,0.0,0.31979847699403763,0.7624524179846048,1,purple
292,5.15,0.6742872763425112,0.5172839853912592,2,dark purple
293,5.15,0.19728923216462135,0.22630812600255013,2,dark purple
294,7.25,0.35502028185874224,0.14505343278869987,0,pink
295,5.15,0.40329014882445335,0.2837018109858036,2,dark purple
296,7.63,0.26309462264180183,0.3487133188173175,0,pink
297,5.15,0.2401469275355339,0.28117042966187,2,dark purple
298,5.7,0.40608253329992294,0.2861330518499017,2,dark purple
299,5.15,0.3951425664126873,0.2537844469770789,2,dark purple
300,0.0,0.5456744227558374,0.44891247525811195,1,purple
301,7.15,0.7536453194916248,0.6613234058022499,0,pink
302,6.75,0.5947540048509836,0.5180039443075657,0,pink
303,6.25,0.4682874772697687,0.5371107719838619,2,dark purple
304,7.5,0.46902578324079514,0.5240606144070625,0,pink
305,6.85,0.46623325906693935,0.3517627716064453,0,pink
306,7.65,0.5550052970647812,0.30114417895674706,0,pink
307,6.65,0.822189636528492,0.7053947541862726,0,pink
308,6.67,0.5215370561927557,0.7225699257105589,0,pink
309,5.15,0.5684381350874901,0.4915477242320776,2,dark purple
310,7.25,0.4252026788890362,0.27614408172667027,0,pink
311,5.15,0.4705209285020828,0.2561687957495451,2,dark purple
312,7.5,0.3517979523167014,0.5331860855221748,0,pink
313,5.15,0.3961521666496992,0.3358397167176008,2,dark purple
314,5.15,0.2908924361690879,0.30019618570804596,2,dark purple
315,2.65,0.31415740959346294,0.4585739690810442,1,purple
316,5.15,0.36223256029188633,0.290677254088223,2,dark purple
317,0.0,0.47659045085310936,0.7404493167996407,1,purple
318,6.75,0.16307232435792685,0.11881199898198247,0,pink
319,6.15,0.4126482643187046,0.6418795324862003,2,dark purple
320,7.5,0.1716499333269894,0.4416756797581911,0,pink
321,6.95,0.4987478721886873,0.5338160321116447,0,pink
322,5.25,0.1768501359038055,0.28963249642401934,2,dark purple
323,0.0,0.5988107994198799,0.2912855939939618,1,purple
324,6.5,0.5073306150734425,0.5607293918728828,0,pink
325,4.0,0.3036975162103772,0.3798045916482806,2,dark purple
326,5.15,0.24805995635688305,0.3112864913418889,2,dark purple
327,6.15,0.5188700743019581,0.7548583205789328,2,dark purple
328,5.15,0.20967787131667137,0.14409178402274847,2,dark purple
329,7.15,0.29189768247306347,0.32862380612641573,0,pink
330,5.15,0.32635924872010946,0.6757144350558519,2,dark purple
331,7.15,0.32510561868548393,0.414359662681818,0,pink
332,6.15,0.42202696204185486,0.4660727456212044,2,dark purple
333,5.15,0.21759690716862679,0.20993724465370178,2,dark purple
334,6.85,0.4351126030087471,0.3554486436769366,0,pink
335,2.0,0.6573381833732128,0.5040754098445177,1,purple
336,7.8,0.35685552284121513,0.2939328085631132,0,pink
337,6.25,0.3662089817225933,0.4166883882135153,2,dark purple
338,7.4,0.3540259785950184,0.22914791479706764,0,pink
339,0.0,0.53492640145123,0.7856689393520355,1,purple
340,5.15,0.41144718416035175,0.24189476389437914,2,dark purple
341,0.0,0.3129588905721903,0.754980044439435,1,purple
342,5.15,0.6633763201534748,0.5104253068566322,2,dark purple
343,5.15,0.1952497405000031,0.23993225768208504,2,dark purple
344,7.53,0.34060142934322357,0.12909374199807644,0,pink
345,5.15,0.42760130017995834,0.2727535320445895,2,dark purple
346,7.93,0.2614392666146159,0.33652710262686014,0,pink
347,5.85,0.27080050203949213,0.2768158446997404,2,dark purple
348,6.5,0.4077198915183544,0.2915217773988843,0,pink
349,5.15,0.3685710486024618,0.2570625161752105,2,dark purple
350,0.0,0.5440485663712025,0.45281965285539627,1,purple
351,7.15,0.7281146477907896,0.6520538590848446,0,pink
352,6.9,0.6069832015782595,0.48563270829617977,0,pink
353,6.25,0.4600072279572487,0.5130297504365444,2,dark purple
354,8.0,0.4654529970139265,0.5042051896452904,0,pink
355,7.02,0.4699100274592638,0.3538851160556078,0,pink
356,7.65,0.5685109179466963,0.30666172970086336,0,pink
357,7.15,0.7953342981636524,0.7086309138685465,0,pink
358,6.79,0.5449375137686729,0.6888567004352808,0,pink
359,5.15,0.5442948080599308,0.4888937808573246,2,dark purple
360,7.25,0.42345975525677204,0.2724736463278532,0,pink
361,5.85,0.46153864823281765,0.24149897508323193,2,dark purple
362,7.75,0.35246892366558313,0.5253626964986324,0,pink
363,5.85,0.41387579403817654,0.33755216281861067,2,dark purple
364,7.25,0.2905192319303751,0.28812128584831953,0,pink
365,2.65,0.305338716134429,0.41232858784496784,1,purple
366,5.85,0.35744025371968746,0.2972422633320093,2,dark purple
367,0.0,0.4728625062853098,0.6713754031807184,1,purple
368,7.0,0.15549323288723826,0.11941151460632682,0,pink
369,6.15,0.41076773777604103,0.6282486952841282,2,dark purple
370,8.0,0.17196147236973047,0.4637911915779114,0,pink
371,7.15,0.4872132558375597,0.5149438045918941,0,pink
372,5.25,0.17299463506788015,0.2653631614521146,2,dark purple
373,0.0,0.6089937407523394,0.3042927011847496,1,purple
374,6.65,0.5097938701510429,0.502418540418148,0,pink
375,4.0,0.3007938386872411,0.31144050881266594,2,dark purple
376,5.85,0.2506403485313058,0.3123191650956869,2,dark purple
377,6.33,0.4952374380081892,0.729683879762888,2,dark purple
378,6.5,0.21690079011023045,0.15610168920829892,0,pink
379,7.15,0.28602981474250555,0.32652432564646006,0,pink
380,6.5,0.3185416338965297,0.653461366891861,0,pink
381,7.15,0.3088613972067833,0.39786980487406254,0,pink
382,6.15,0.43325964361429214,0.4676107782870531,2,dark purple
383,5.85,0.21497129928320646,0.2246364252641797,2,dark purple
384,7.0,0.443012360483408,0.352048734202981,0,pink
385,2.0,0.6500179413706064,0.5314959213137627,1,purple
386,7.95,0.35727666690945625,0.26144704315811396,0,pink
387,7.15,0.3915079403668642,0.4100486636161804,0,pink
388,7.4,0.35582820419222116,0.2527626929804683,0,pink
389,0.0,0.528706656768918,0.7309701293706894,1,purple
390,5.85,0.41681486181914806,0.2769232261925936,2,dark purple
391,0.0,0.3118157619610429,0.7226679008454084,1,purple
392,5.85,0.6545696873217821,0.5080163478851318,2,dark purple
393,5.85,0.18754403572529554,0.2252940321341157,2,dark purple
394,7.68,0.3405926516279578,0.13746035983785987,0,pink
395,5.85,0.41941856034100056,0.2578294603154063,2,dark purple
396,8.07,0.2624433021992445,0.33420752733945847,0,pink
397,6.55,0.269831158220768,0.27589353267103434,0,pink
398,6.5,0.3959156107157469,0.2755346707999706,0,pink
399,5.15,0.31989908311516047,0.24968648795038462,2,dark purple
400,0.0,0.5785238929092884,0.4501022398471832,1,purple
401,7.15,0.7834232412278652,0.6333816796541214,0,pink
402,7.25,0.6146962288767099,0.42645460925996304,0,pink
403,6.25,0.46161036007106304,0.5158421117812395,2,dark purple
404,8.0,0.4567705560475588,0.4732849542051554,0,pink
405,7.28,0.4522614646703005,0.33876325469464064,0,pink
406,8.0,0.5382731556892395,0.3009418258443475,0,pink
407,7.15,0.7435133215039968,0.6454477552324533,0,pink
408,7.21,0.5468398798257113,0.612478144466877,0,pink
409,5.15,0.544682564213872,0.4280404653400183,2,dark purple
410,7.25,0.37431148812174797,0.27409358881413937,0,pink
411,6.55,0.4647428635507822,0.2461506985127926,0,pink
412,8.0,0.3498030127957463,0.49715698696672916,0,pink
413,6.55,0.4164335783571005,0.33402806147933006,0,pink
414,7.25,0.29635727405548096,0.2820946276187897,0,pink
415,2.65,0.30666107777506113,0.40656360797584057,1,purple
416,6.55,0.34732515923678875,0.2549770986661315,0,pink
417,0.0,0.442757410928607,0.6428653374314308,1,purple
418,7.25,0.15732371248304844,0.11985123855993152,0,pink
419,6.55,0.3871582681313157,0.5899663083255291,0,pink
420,8.0,0.1691946992650628,0.46261618845164776,0,pink
421,7.4,0.4561609588563442,0.49976292066276073,0,pink
422,5.25,0.18039525020867586,0.2444640500470996,2,dark purple
423,0.0,0.5830631125718355,0.2862808760255575,1,purple
424,7.05,0.5097050685435534,0.4929036367684603,0,pink
425,4.0,0.3164138179272413,0.28697759844362736,2,dark purple
426,6.55,0.24991387035697699,0.28937687166035175,0,pink
427,6.55,0.4755806177854538,0.7051986642181873,0,pink
428,7.25,0.22007059305906296,0.16042881179600954,0,pink
429,7.15,0.27693756856024265,0.31136670149862766,0,pink
430,7.5,0.32761581242084503,0.632392056286335,0,pink
431,7.15,0.2992561552673578,0.38436243776232004,0,pink
432,6.55,0.42781680822372437,0.4045034758746624,0,pink
433,6.55,0.22200096864253283,0.26637024711817503,0,pink
434,7.3,0.43995981104671955,0.33185635693371296,0,pink
435,2.0,0.6523643620312214,0.5033834837377071,1,purple
436,8.4,0.3590232925489545,0.26055655907839537,0,pink
437,7.15,0.4005230497568846,0.3822998143732548,0,pink
438,7.4,0.3240572288632393,0.2542705275118351,0,pink
439,0.0,0.5192664451897144,0.6752327550202608,1,purple
440,6.55,0.41729086078703403,0.21873919758945704,0,pink
441,0.0,0.31656918581575155,0.6659991573542356,1,purple
442,6.55,0.6397387944161892,0.49101170152425766,0,pink
443,6.55,0.18832337809726596,0.21540115121752024,0,pink
444,8.06,0.3570509608834982,0.13461785856634378,0,pink
445,6.55,0.3932083025574684,0.23082515690475702,0,pink
446,8.55,0.25892099365592003,0.3363046795129776,0,pink
447,7.25,0.2781659597530961,0.3052022308111191,0,pink
448,6.5,0.3936850465834141,0.25907312519848347,0,pink
449,5.15,0.3202454652637243,0.21974388509988785,2,dark purple
450,0.0,0.5714254453778267,0.3837296040728688,1,purple
451,7.75,0.7518070749938488,0.6353042554110289,0,pink
452,7.25,0.625744741410017,0.41364957578480244,0,pink
453,6.25,0.48576323315501213,0.5035275127738714,2,dark purple
454,8.0,0.43607084080576897,0.43958467431366444,0,pink
455,7.24,0.45074066147208214,0.3236924996599555,0,pink
456,8.25,0.5210183095186949,0.28200268279761076,0,pink
457,7.25,0.7088304962962866,0.6232551299035549,0,pink
458,7.25,0.5418127402663231,0.5412766244262457,0,pink
459,5.15,0.5435867700725794,0.40225875563919544,2,dark purple
460,7.25,0.388305657543242,0.2642737468704581,0,pink
461,7.25,0.460504787042737,0.22048219107091427,0,pink
462,8.25,0.37702908739447594,0.4448846448212862,0,pink
463,7.25,0.42019085958600044,0.32328180968761444,0,pink
464,7.25,0.31004503834992647,0.26853960007429123,0,pink
465,7.25,0.3167032962664962,0.37081041373312473,0,pink
466,7.25,0.3335692686960101,0.2439258387312293,0,pink
467,0.0,0.4181862808763981,0.5553156137466431,1,purple
468,7.5,0.14720739563927054,0.1221203594468534,0,pink
469,7.25,0.39504426531493664,0.5462969653308392,0,pink
470,8.0,0.17027012072503567,0.4688758868724108,0,pink
471,7.4,0.44661699794232845,0.49298666417598724,0,pink
472,5.25,0.1769460621289909,0.23565818555653095,2,dark purple
473,0.0,0.553993321955204,0.26932007167488337,1,purple
474,7.25,0.5099808797240257,0.4576602019369602,0,pink
475,4.0,0.3165623638778925,0.2757937181740999,2,dark purple
476,7.25,0.2517838729545474,0.2782845636829734,0,pink
477,6.55,0.45084040611982346,0.6629853509366512,0,pink
478,7.25,0.19873830024152994,0.16737456899136305,0,pink
479,7.25,0.27828558813780546,0.3074574051424861,0,pink
480,7.5,0.32232722733169794,0.5879724863916636,0,pink
481,7.25,0.29089662712067366,0.3943860996514559,0,pink
482,7.25,0.4223222844302654,0.36274215672165155,0,pink
483,7.25,0.20989314652979374,0.22945944219827652,0,pink
484,7.3,0.4481638316065073,0.31466546934098005,0,pink
485,2.0,0.6421760190278292,0.4813594277948141,1,purple
486,8.4,0.36106829065829515,0.25135918986052275,0,pink
487,7.25,0.3781101666390896,0.3665121737867594,0,pink
488,7.4,0.3001345321536064,0.257380330003798,0,pink
489,0.0,0.4961931146681309,0.6021643523126841,1,purple
490,7.25,0.41550430469214916,0.26892058085650206,0,pink
491,0.0,0.3151742275804281,0.6120234727859497,1,purple
492,7.25,0.6345347035676241,0.44837803579866886,0,pink
493,7.25,0.19607425201684237,0.2134766662493348,0,pink
494,8.06,0.33215691801160574,0.1310094608925283,0,pink
495,7.25,0.397696765139699,0.21415879018604755,0,pink
496,8.55,0.2525304211303592,0.3134829690679908,0,pink
497,7.25,0.27351637836545706,0.3012347035109997,0,pink
498,7.25,0.3871103283017874,0.248908088542521,0,pink
499,5.15,0.3705580020323396,0.19785529002547264,2,dark purple
500,0.0,0.5581751931458712,0.4198023583739996,1,purple
501,7.75,0.858729612082243,0.610062712803483,0,pink
502,7.35,0.617706123739481,0.4142213612794876,0,pink
503,6.25,0.4794829525053501,0.48230746760964394,2,dark purple
504,8.0,0.3916204907000065,0.4111646208912134,0,pink
505,7.36,0.42730080895125866,0.3143872367218137,0,pink
506,8.25,0.4984223749488592,0.2757117385044694,0,pink
507,7.25,0.7208163384348154,0.5664343480020761,0,pink
508,7.25,0.528558949008584,0.5146035458892584,0,pink
509,5.15,0.5385397933423519,0.3746461123228073,2,dark purple
510,7.25,0.39575393311679363,0.2514278516173363,0,pink
511,7.25,0.4716671537607908,0.20217914134263992,0,pink
512,8.25,0.3765780245885253,0.4239817149937153,0,pink
513,7.25,0.4205112811177969,0.3317653201520443,0,pink
514,7.25,0.29747753869742155,0.25726992171257734,0,pink
515,7.25,0.32504338305443525,0.3556664567440748,0,pink
516,7.25,0.3206227673217654,0.2396484138444066,0,pink
517,0.0,0.4119117744266987,0.5546294618397951,1,purple
518,7.5,0.1488847890868783,0.12329287128522992,0,pink
519,7.25,0.3938816022127867,0.4934779368340969,0,pink
520,8.0,0.17355827149003744,0.4273041617125273,0,pink
521,7.4,0.43439166620373726,0.4427648149430752,0,pink
522,5.25,0.1740878913551569,0.2304527908563614,2,dark purple
523,0.0,0.5168840289115906,0.2689879387617111,1,purple
524,7.25,0.515378313139081,0.44746333733201027,0,pink
525,4.0,0.3132307669147849,0.2761442447081208,2,dark purple
526,7.25,0.2527909120544791,0.25360514409840107,0,pink
527,7.25,0.4470174666494131,0.568082369863987,0,pink
528,7.25,0.18386607989668846,0.21733075845986605,0,pink
529,7.25,0.267601665109396,0.3079083049669862,0,pink
530,7.5,0.32169546466320753,0.5726727657020092,0,pink
531,7.25,0.28303295839577913,0.3972132224589586,0,pink
532,7.25,0.4109581932425499,0.34629201982170343,0,pink
533,7.25,0.20226654596626759,0.24812337942421436,0,pink
534,7.4,0.4415645729750395,0.3051553387194872,0,pink
535,2.0,0.627615675330162,0.45745917595922947,1,purple
536,8.5,0.3548910841345787,0.2492872066795826,0,pink
537,7.25,0.3900675103068352,0.36243870854377747,0,pink
538,7.4,0.2885843627154827,0.246134283952415,0,pink
539,0.0,0.47852201387286186,0.5968740209937096,1,purple
540,7.25,0.43249516747891903,0.2555874176323414,0,pink
541,0.0,0.30986969359219074,0.6077546160668135,1,purple
542,7.25,0.6240534596145153,0.40860995650291443,0,pink
543,7.25,0.18810757901519537,0.19709724001586437,0,pink
544,8.15,0.3276454284787178,0.14762397622689605,0,pink
545,7.25,0.3767220303416252,0.19759675487875938,0,pink
546,8.67,0.25074498262256384,0.2953423885628581,0,pink
547,7.25,0.2775878878310323,0.29634893871843815,0,pink
548,7.25,0.3920948598533869,0.24988427758216858,0,pink
549,5.15,0.381065858528018,0.21943894680589437,2,dark purple
550,0.0,0.5556376650929451,0.4502931609749794,1,purple
551,7.75,0.8637463673949242,0.6041294895112514,0,pink
552,7.65,0.6107783410698175,0.4285812843590975,0,pink
553,6.25,0.4760616458952427,0.46955281868577003,2,dark purple
554,8.0,0.34983004443347454,0.42353817261755466,0,pink
555,7.64,0.3917172085493803,0.30737314373254776,0,pink
556,8.25,0.4778709262609482,0.2835096325725317,0,pink
557,7.25,0.7338725030422211,0.5504589062184095,0,pink
558,7.67,0.516724307090044,0.4869739059358835,0,pink
559,5.15,0.5564740858972073,0.3799550700932741,2,dark purple
560,7.25,0.3810544731095433,0.24300585500895977,0,pink
561,7.25,0.4835201893001795,0.20982834976166487,0,pink
562,8.25,0.3834882052615285,0.41618901304900646,0,pink
563,7.25,0.42879986576735973,0.3448264207690954,0,pink
564,7.25,0.28406144119799137,0.2655901247635484,0,pink
565,7.25,0.3294172929599881,0.3566925646737218,0,pink
566,7.25,0.29677627608180046,0.22494536824524403,0,pink
567,0.0,0.4041820764541626,0.49626976251602173,1,purple
568,7.5,0.14881434617564082,0.12239358620718122,0,pink
569,7.25,0.3706115297973156,0.4772579297423363,0,pink
570,8.0,0.16744157765060663,0.4070092923939228,0,pink
571,7.4,0.4411223344504833,0.454964954406023,0,pink
572,5.25,0.17512304475530982,0.23085162974894047,2,dark purple
573,0.0,0.5287548992782831,0.2601416315883398,1,purple
574,7.25,0.5179664120078087,0.4513055086135864,0,pink
575,4.0,0.307808886282146,0.2787684556096792,2,dark purple
576,7.25,0.2544533461332321,0.25881908368319273,0,pink
577,7.25,0.45723970979452133,0.6086000707000494,0,pink
578,7.25,0.19430742831900716,0.214963941834867,0,pink
579,7.25,0.2599306870251894,0.2901187166571617,0,pink
580,7.5,0.3186883870512247,0.559624470770359,0,pink
581,7.25,0.2761424984782934,0.40628574788570404,0,pink
582,7.25,0.38342843763530254,0.35353624261915684,0,pink
583,7.25,0.2014700323343277,0.2456708112731576,0,pink
584,7.7,0.4403346683830023,0.30145335476845503,0,pink
585,2.0,0.6386636756360531,0.4743983969092369,1,purple
586,8.8,0.3621466923505068,0.24714081082493067,0,pink
587,7.25,0.3934983629733324,0.3555492963641882,0,pink
588,7.4,0.2896304242312908,0.25297438260167837,0,pink
589,0.0,0.46294876374304295,0.5604840815067291,1,purple
590,7.25,0.43115075677633286,0.3238426521420479,0,pink
591,0.0,0.30700641218572855,0.6384748034179211,1,purple
592,7.25,0.5955113563686609,0.4085639026015997,0,pink
593,7.25,0.18596287118270993,0.20803040824830532,0,pink
594,8.46,0.3249445231631398,0.1423429581336677,0,pink
595,7.25,0.36288443952798843,0.19148299470543861,0,pink
596,9.04,0.2453693887218833,0.2980718156322837,0,pink
597,7.25,0.28734083753079176,0.3200874663889408,0,pink
598,7.25,0.39162877947092056,0.28393478132784367,0,pink
599,5.15,0.3792752977460623,0.20134367514401674,2,dark purple
600,0.0,0.5549238994717598,0.43098917230963707,1,purple
601,7.75,0.6891743745654821,0.6387171801179647,0,pink
602,7.8,0.6184027064591646,0.41561434045434,0,pink
603,6.25,0.48314076848328114,0.4632000345736742,2,dark purple
604,8.0,0.34955537412315607,0.4026370123028755,0,pink
605,7.78,0.38284657057374716,0.3053630003705621,0,pink
606,8.25,0.48117139376699924,0.2622424392029643,0,pink
607,7.25,0.7347282953560352,0.5007349420338869,0,pink
608,7.79,0.5149918142706156,0.469344574958086,0,pink
609,5.15,0.5372915882617235,0.37538674660027027,2,dark purple
610,7.25,0.3671431913971901,0.25443811900913715,0,pink
611,7.25,0.4475947003811598,0.21521004382520914,0,pink
612,8.25,0.37743146531283855,0.4030548967421055,0,pink
613,7.25,0.4336667712777853,0.3595804562792182,0,pink
614,7.25,0.2815666142851114,0.2730293897911906,0,pink
615,7.25,0.3318598261103034,0.34284123685210943,0,pink
616,7.25,0.2759579801931977,0.2109290799126029,0,pink
617,0.0,0.40598069317638874,0.5211821291595697,1,purple
618,7.5,0.15601692721247673,0.13253536308184266,0,pink
619,7.25,0.3654817584902048,0.4754377994686365,0,pink
620,8.0,0.15832760836929083,0.40638712234795094,0,pink
621,7.4,0.44153514318168163,0.4521734546869993,0,pink
622,5.25,0.17319985199719667,0.23441275116056204,2,dark purple
623,0.0,0.5210536997765303,0.2774875843897462,1,purple
624,7.35,0.5210824310779572,0.4336867015808821,0,pink
625,4.0,0.30792304314672947,0.2881174208596349,2,dark purple
626,7.25,0.268169236369431,0.26479840744286776,0,pink
627,7.25,0.4581417888402939,0.60498071834445,0,pink
628,7.25,0.19831908866763115,0.22319403942674398,0,pink
629,7.25,0.24982320610433817,0.2889299765229225,0,pink
630,7.5,0.324261630885303,0.6224558688700199,0,pink
631,7.25,0.2706786384806037,0.3938071895390749,0,pink
632,7.25,0.37746282760053873,0.34102227073162794,0,pink
633,7.25,0.21772256586700678,0.2733965404331684,0,pink
634,7.85,0.44686291366815567,0.291410181671381,0,pink
635,2.0,0.6582720670849085,0.4460543394088745,1,purple
636,8.95,0.3718112828209996,0.24276564363390207,0,pink
637,7.25,0.3909697290509939,0.3350599203258753,0,pink
638,7.75,0.3007535822689533,0.2572734374552965,0,pink
639,0.0,0.45126406475901604,0.5084526725113392,1,purple
640,7.25,0.4271978046745062,0.32323687337338924,0,pink
641,0.0,0.31948809046298265,0.5858307704329491,1,purple
642,7.25,0.5862036254256964,0.41031651198863983,0,pink
643,7.25,0.18540802411735058,0.22888348903506994,0,pink
644,8.6,0.3314961213618517,0.12363306013867259,0,pink
645,7.25,0.3625604556873441,0.1977547537535429,0,pink
646,9.19,0.25466959923505783,0.28998779598623514,0,pink
647,7.25,0.3079421352595091,0.3051907289773226,0,pink
648,7.25,0.39079198613762856,0.28065701480954885,0,pink
649,5.15,0.3923027776181698,0.2078107325360179,2,dark purple
650,0.0,0.5391414277255535,0.4274157341569662,1,purple
651,7.75,0.8582497015595436,0.6357807200402021,0,pink
652,7.9,0.6259541027247906,0.39985240437090397,0,pink
653,6.25,0.5140965338796377,0.4801493138074875,2,dark purple
654,9.0,0.3464467590674758,0.39613167755305767,0,pink
655,8.0,0.38217909168452024,0.3090816782787442,0,pink
656,8.7,0.46748705208301544,0.23694094270467758,0,pink
657,7.75,0.7193137425929308,0.48909056931734085,0,pink
658,7.93,0.5070703104138374,0.5404886323958635,0,pink
659,5.15,0.5221076309680939,0.37729728501290083,2,dark purple
660,7.25,0.37969485856592655,0.2592350821942091,0,pink
661,7.25,0.4586824681609869,0.21217965986579657,0,pink
662,8.25,0.37481230683624744,0.37003769539296627,0,pink
663,7.25,0.4925529006868601,0.3653104417026043,0,pink
664,7.25,0.2846682211384177,0.27346815913915634,0,pink
665,7.25,0.3284755861386657,0.3485856344923377,0,pink
666,7.25,0.27447871398180723,0.211625499650836,0,pink
667,0.0,0.40239361114799976,0.5147455260157585,1,purple
668,7.5,0.1653272775001824,0.127810996491462,0,pink
669,7.25,0.3558325348421931,0.44610416516661644,0,pink
670,8.0,0.15487573109567165,0.39136256091296673,0,pink
671,8.15,0.4375332035124302,0.42733121663331985,0,pink
672,6.5,0.1754754688590765,0.229147938080132,0,pink
673,0.0,0.43649482540786266,0.27848295867443085,1,purple
674,7.5,0.5261405371129513,0.4429060034453869,0,pink
675,7.9,0.3047151258215308,0.3236682154238224,0,pink
676,7.25,0.27786295395344496,0.28036097064614296,0,pink
677,7.25,0.4470784682780504,0.6355889607220888,0,pink
678,7.25,0.20522861741483212,0.1961090136319399,0,pink
679,8.25,0.23935534991323948,0.26119425892829895,0,pink
680,7.5,0.33314600586891174,0.597390066832304,0,pink
681,8.0,0.2651746850460768,0.38183494471013546,0,pink
682,7.25,0.3755846293643117,0.32951647881418467,0,pink
683,7.25,0.22934973239898682,0.26505040004849434,0,pink
684,7.25,0.4443701356649399,0.28488473035395145,0,pink
685,2.0,0.6831524427980185,0.40597710758447647,1,purple
686,9.1,0.3650158178061247,0.2323285909369588,0,pink
687,7.25,0.38455615285784006,0.31409512739628553,0,pink
688,8.0,0.29691813979297876,0.21920576691627502,0,pink
689,0.0,0.4334832541644573,0.4977152682840824,1,purple
690,7.25,0.41105281561613083,0.3265449544414878,0,pink
691,0.0,0.3178176935762167,0.6084266118705273,1,purple
692,7.25,0.5721973720937967,0.4058840684592724,0,pink
693,7.25,0.1803321996703744,0.21563749760389328,0,pink
694,8.73,0.315850623883307,0.09927189676091075,0,pink
695,7.25,0.3609050763770938,0.196245894767344,0,pink
696,9.32,0.24329004809260368,0.2851506695151329,0,pink
697,7.25,0.31707927118986845,0.30200083274394274,0,pink
698,7.25,0.39204079657793045,0.290296389721334,0,pink
699,5.15,0.4055444151163101,0.1954967388883233,2,dark purple
700,0.0,0.5188744515180588,0.47236261889338493,1,purple
701,8.75,0.7105596829205751,0.7301958743482828,0,pink
702,8.05,0.6180960685014725,0.41024801321327686,0,pink
703,7.5,0.529983825981617,0.5213208962231874,0,pink
704,9.0,0.32651834189891815,0.42632208205759525,0,pink
705,8.23,0.365778966806829,0.32098896335810423,0,pink
706,9.15,0.44624083675444126,0.21846976596862078,0,pink
707,8.25,0.6804914679378271,0.4989777226001024,0,pink
708,8.05,0.49076839350163937,0.4618654493242502,0,pink
709,5.15,0.5090818740427494,0.3783018095418811,2,dark purple
710,7.75,0.37810762878507376,0.2934472868219018,0,pink
711,7.25,0.43735988438129425,0.21559824235737324,0,pink
712,8.25,0.35956467036157846,0.3837793134152889,0,pink
713,7.25,0.4016206134110689,0.387526280246675,0,pink
714,7.25,0.28374798130244017,0.2860527718439698,0,pink
715,7.25,0.3274098737165332,0.3899175673723221,0,pink
716,7.25,0.2702542580664158,0.2186621306464076,0,pink
717,0.0,0.3949494566768408,0.5397021770477295,1,purple
718,7.5,0.16474489821121097,0.13006571680307388,0,pink
719,8.25,0.3488112008199096,0.4572122357785702,0,pink
720,9.0,0.1397175481542945,0.3909383434802294,0,pink
721,8.15,0.4296062048524618,0.415527168661356,0,pink
722,7.25,0.17447556601837277,0.2426226856186986,0,pink
723,0.0,0.46675954945385456,0.2758382819592953,1,purple
724,7.65,0.5308471620082855,0.49741342663764954,0,pink
725,8.05,0.307469186373055,0.3495816374197602,0,pink
726,8.0,0.2707007108256221,0.27486695908010006,0,pink
727,7.25,0.4578246269375086,0.6959211081266403,0,pink
728,7.25,0.19998375792056322,0.19930738490074873,0,pink
729,8.38,0.22654577624052763,0.2554026199504733,0,pink
730,7.5,0.34070161636918783,0.6561287678778172,0,pink
731,8.75,0.2601401414722204,0.3782301675528288,0,pink
732,7.25,0.3673078492283821,0.34703463315963745,0,pink
733,7.25,0.23410448338836432,0.23938899394124746,0,pink
734,7.25,0.44982433319091797,0.29188639018684626,0,pink
735,2.0,0.6985077634453773,0.4220039118081331,1,purple
736,9.25,0.3637399757280946,0.259817810729146,0,pink
737,7.25,0.3815347561612725,0.31508682295680046,0,pink
738,9.0,0.2823066897690296,0.2425451995804906,0,pink
739,0.0,0.417818408459425,0.5044784396886826,1,purple
740,8.5,0.4118960816413164,0.38312391843646765,0,pink
741,0.0,0.2999864052981138,0.6120934616774321,1,purple
742,7.25,0.5551398731768131,0.4121975041925907,0,pink
743,7.25,0.16125269467011094,0.23602107539772987,0,pink
744,9.15,0.2795339561998844,0.11804320383816957,0,pink
745,7.25,0.3629968501627445,0.1956222578883171,0,pink
746,9.47,0.24018350522965193,0.2844212343916297,0,pink
747,8.0,0.3212900599464774,0.33788327127695084,0,pink
748,7.25,0.39703105576336384,0.30576970893889666,0,pink
749,5.15,0.4094815347343683,0.22214374039322138,2,dark purple
750,0.0,0.4885254427790642,0.5324094090610743,1,purple
751,9.75,0.5904072895646095,0.8045614697039127,0,pink
752,8.05,0.6115239579230547,0.4710332490503788,0,pink
753,8.0,0.5298452451825142,0.5542744416743517,0,pink
754,10.0,0.3293323330581188,0.44481344521045685,0,pink
755,8.31,0.35236221738159657,0.3441164270043373,0,pink
756,9.6,0.41921185329556465,0.22769556380808353,0,pink
757,8.25,0.6648486945778131,0.5100252106785774,0,pink
758,8.05,0.4744733218103647,0.429402943700552,0,pink
759,5.15,0.518081896007061,0.390435173176229,2,dark purple
760,8.5,0.36271167919039726,0.24162111803889275,0,pink
761,7.25,0.42981477454304695,0.23071072064340115,0,pink
762,8.25,0.33980158623307943,0.4367029760032892,0,pink
763,7.25,0.379001721739769,0.3996980842202902,0,pink
764,7.25,0.2890251809731126,0.29288993682712317,0,pink
765,7.25,0.3319770563393831,0.4011719021946192,0,pink
766,7.25,0.2675089752301574,0.2356116659939289,0,pink
767,0.0,0.3213507356122136,0.5650045350193977,1,purple
768,7.5,0.17711196560412645,0.12396334204822779,0,pink
769,8.75,0.3358810441568494,0.48166299238801,0,pink
770,10.0,0.13244972797110677,0.3806574270129204,0,pink
771,8.5,0.41397521272301674,0.4608874209225178,0,pink
772,7.25,0.17210703808814287,0.24189825635403395,0,pink
773,0.0,0.45956759713590145,0.28173637110739946,1,purple
774,7.65,0.5323602352291346,0.520753301680088,0,pink
775,8.05,0.3079941729083657,0.37413735408335924,0,pink
776,9.0,0.2708634827286005,0.29675986152142286,0,pink
777,7.25,0.4739978350698948,0.6778590846806765,0,pink
778,7.25,0.1946794567629695,0.19984794780611992,0,pink
779,8.38,0.2167197410017252,0.24348392616957426,0,pink
780,7.5,0.3354700515046716,0.6993754766881466,0,pink
781,9.0,0.2551435260102153,0.37464171182364225,0,pink
782,7.25,0.35415084566920996,0.37184362299740314,0,pink
783,7.25,0.21692863665521145,0.2521348651498556,0,pink
784,7.25,0.44888583943247795,0.30766904819756746,0,pink
785,2.0,0.6724204868078232,0.45534446835517883,1,purple
786,9.75,0.35680467262864113,0.26879662182182074,0,pink
787,7.25,0.3776232013478875,0.3158577485010028,0,pink
788,9.6,0.2729853382334113,0.2391340211033821,0,pink
789,0.0,0.41082119569182396,0.5068125203251839,1,purple
790,8.55,0.4375874996185303,0.4220339935272932,0,pink
791,0.0,0.3239237703382969,0.6385384127497673,1,purple
792,7.25,0.5421134177595377,0.43384553864598274,0,pink
793,7.25,0.1478819060139358,0.24327263236045837,0,pink
794,9.6,0.27833301573991776,0.1365195377729833,0,pink
795,7.25,0.3551301546394825,0.2198023023083806,0,pink
796,9.47,0.2366179833188653,0.30354622285813093,0,pink
797,8.75,0.3225899999961257,0.36272918805480003,0,pink
798,7.25,0.4012356512248516,0.30688124243170023,0,pink
799,5.15,0.4021131433546543,0.24465301539748907,2,dark purple
